city,hotel_type,price_lkr,transport_lkr,meal_lkr,tuk_tuk_lkr_per_km,bus_lkr,train_lkr,taxi_lkr,season,tourist_rating
Kandy,Mid-range,7646,2500,1087,120,80,350,900,off-peak,4.8
Trincomalee,5-star,12578,643,2927,190,130,0,1400,off-peak,3.1
Sigiriya,5-star,18255,573,4623,200,150,0,1500,peak,3.0
Ella,Budget,2201,1520,446,150,100,400,1200,peak,4.6
Kandy,Mid-range,9831,2684,968,120,80,350,900,off-peak,4.2
Trincomalee,Mid-range,6900,2943,1368,190,130,0,1400,off-peak,4.9
Mirissa,Mid-range,7997,1334,1991,180,120,500,1100,off-peak,4.6
Kandy,5-star,14248,641,5661,120,80,350,900,off-peak,4.0
Mirissa,5-star,8163,2483,5675,180,120,500,1100,peak,3.3
Anuradhapura,5-star,11350,1404,5390,210,140,420,1600,peak,4.8
Kandy,5-star,15592,845,4422,120,80,350,900,peak,4.4
Sigiriya,Budget,2858,1314,386,200,150,0,1500,peak,3.3
Polonnaruwa,5-star,10503,2375,2913,200,130,410,1550,peak,4.0
Sigiriya,5-star,14961,1195,5498,200,150,0,1500,off-peak,4.1
Colombo,5-star,13348,2755,3921,100,60,0,800,peak,4.7
Anuradhapura,Mid-range,4414,2626,1276,210,140,420,1600,off-peak,3.1
Anuradhapura,5-star,8120,1365,4760,210,140,420,1600,peak,4.1
Trincomalee,Budget,2082,582,480,190,130,0,1400,peak,4.8
Trincomalee,5-star,10004,1828,3857,190,130,0,1400,peak,3.3
Kandy,Budget,4209,770,362,120,80,350,900,peak,3.9
Trincomalee,Budget,2649,671,357,190,130,0,1400,peak,4.1
Galle,Mid-range,8662,1787,1138,160,100,450,1000,peak,3.8
Nuwara Eliya,5-star,17988,1234,4669,170,110,380,1300,peak,3.4
Polonnaruwa,Mid-range,3040,2170,1023,200,130,410,1550,peak,4.9
Kandy,Budget,2649,1548,612,120,80,350,900,peak,4.2
Nuwara Eliya,5-star,15986,2957,2147,170,110,380,1300,off-peak,4.4
Kandy,Budget,4942,1094,591,120,80,350,900,peak,4.8
Galle,5-star,18292,2469,3594,160,100,450,1000,peak,4.9
Sigiriya,Mid-range,8098,1949,1334,200,150,0,1500,peak,3.4
Galle,Mid-range,8370,1284,1465,160,100,450,1000,peak,4.7
Mirissa,Mid-range,4121,627,1490,180,120,500,1100,off-peak,3.7
Ella,5-star,17923,2942,3391,150,100,400,1200,off-peak,4.7
Ella,5-star,12006,1261,4449,150,100,400,1200,off-peak,3.0
Trincomalee,5-star,10070,2673,3375,190,130,0,1400,off-peak,4.5
Ella,5-star,14724,1002,5992,150,100,400,1200,off-peak,4.4
Sigiriya,Budget,4104,1423,350,200,150,0,1500,off-peak,3.4
Colombo,Mid-range,9162,1447,1493,100,60,0,800,off-peak,3.5
Anuradhapura,5-star,6360,1851,3971,210,140,420,1600,off-peak,4.6
Galle,5-star,14510,2173,5922,160,100,450,1000,peak,3.1
Ella,Budget,2818,1571,625,150,100,400,1200,peak,3.3
Polonnaruwa,5-star,8317,2808,2014,200,130,410,1550,off-peak,4.5
Galle,5-star,21108,1439,4763,160,100,450,1000,peak,3.8
Ella,Budget,4224,1142,524,150,100,400,1200,off-peak,4.1
Polonnaruwa,Mid-range,3773,2481,1055,200,130,410,1550,off-peak,4.3
Colombo,5-star,12255,2432,5096,100,60,0,800,off-peak,4.7
Polonnaruwa,5-star,9318,1886,5982,200,130,410,1550,off-peak,4.1
Ella,Mid-range,4590,1695,1655,150,100,400,1200,off-peak,4.9
Nuwara Eliya,Budget,3837,1412,367,170,110,380,1300,off-peak,3.4
Sigiriya,5-star,24594,906,2185,200,150,0,1500,peak,4.8
Nuwara Eliya,Budget,2931,2660,312,170,110,380,1300,off-peak,4.3
Nuwara Eliya,Budget,2459,2492,354,170,110,380,1300,peak,3.3
Sigiriya,Budget,4133,803,553,200,150,0,1500,peak,3.3
Kandy,Mid-range,9922,1145,1953,120,80,350,900,peak,4.1
Anuradhapura,Mid-range,3812,2397,1966,210,140,420,1600,off-peak,3.6
Polonnaruwa,5-star,10274,1790,4661,200,130,410,1550,peak,5.0
Kandy,5-star,14419,829,2746,120,80,350,900,off-peak,3.5
Galle,Budget,3878,2981,311,160,100,450,1000,off-peak,3.5
Galle,Mid-range,7239,2189,1855,160,100,450,1000,peak,4.9
Polonnaruwa,Budget,2822,1417,708,200,130,410,1550,peak,3.5
Trincomalee,5-star,13398,2017,4959,190,130,0,1400,off-peak,3.6
Mirissa,Mid-range,6587,1929,844,180,120,500,1100,peak,5.0
Kandy,Mid-range,5316,2325,928,120,80,350,900,peak,4.5
Trincomalee,Mid-range,5764,1037,1393,190,130,0,1400,peak,3.8
Galle,5-star,18033,2328,3497,160,100,450,1000,peak,4.3
Sigiriya,Budget,3001,1553,557,200,150,0,1500,peak,3.7
Anuradhapura,Budget,1908,1245,396,210,140,420,1600,off-peak,3.2
Nuwara Eliya,Budget,3944,2613,676,170,110,380,1300,peak,3.0
Galle,5-star,17081,1891,2542,160,100,450,1000,off-peak,3.8
Anuradhapura,Budget,2999,982,540,210,140,420,1600,peak,4.4
Anuradhapura,Budget,2642,1279,610,210,140,420,1600,off-peak,3.5
Mirissa,Budget,3706,1242,712,180,120,500,1100,peak,4.5
Colombo,Mid-range,11697,709,935,100,60,0,800,off-peak,4.7
Nuwara Eliya,5-star,17513,1231,3196,170,110,380,1300,peak,3.3
Colombo,5-star,29497,2889,2780,100,60,0,800,off-peak,4.1
Polonnaruwa,5-star,11372,1567,4067,200,130,410,1550,peak,3.8
Galle,Budget,3251,2433,534,160,100,450,1000,off-peak,4.2
Colombo,5-star,23958,2457,3718,100,60,0,800,off-peak,4.6
Sigiriya,Budget,4548,2890,793,200,150,0,1500,peak,4.0
Polonnaruwa,Mid-range,3568,2916,1653,200,130,410,1550,off-peak,4.6
Anuradhapura,Mid-range,4902,2145,1651,210,140,420,1600,off-peak,3.4
Trincomalee,Mid-range,5671,900,1472,190,130,0,1400,peak,4.7
Sigiriya,Mid-range,7587,1964,875,200,150,0,1500,peak,5.0
Galle,5-star,16300,1208,4646,160,100,450,1000,peak,4.4
Nuwara Eliya,Mid-range,6100,940,1202,170,110,380,1300,peak,3.2
Polonnaruwa,Budget,2626,1280,675,200,130,410,1550,off-peak,4.2
Colombo,5-star,18153,745,2200,100,60,0,800,peak,3.9
Nuwara Eliya,Budget,3572,2233,584,170,110,380,1300,peak,4.6
Anuradhapura,5-star,10208,2033,4726,210,140,420,1600,peak,3.7
Trincomalee,5-star,11803,2405,2640,190,130,0,1400,peak,3.3
Ella,5-star,11969,1641,2877,150,100,400,1200,peak,3.4
Galle,Mid-range,6899,817,1041,160,100,450,1000,off-peak,3.9
Nuwara Eliya,Mid-range,7205,2139,1549,170,110,380,1300,off-peak,3.7
Colombo,Mid-range,6240,2916,1737,100,60,0,800,off-peak,4.0
Anuradhapura,5-star,6781,1760,5692,210,140,420,1600,peak,4.5
Trincomalee,5-star,12959,2584,4183,190,130,0,1400,off-peak,4.3
Kandy,Mid-range,6236,1767,1074,120,80,350,900,peak,4.1
Polonnaruwa,5-star,10904,1330,4490,200,130,410,1550,peak,3.4
Polonnaruwa,5-star,8023,2461,5594,200,130,410,1550,peak,4.0
Kandy,Mid-range,5559,2382,1248,120,80,350,900,off-peak,3.8
Colombo,5-star,18162,1300,2472,100,60,0,800,off-peak,4.9
Polonnaruwa,Mid-range,4477,2409,1858,200,130,410,1550,off-peak,3.2
Polonnaruwa,Mid-range,4438,2372,1291,200,130,410,1550,peak,3.1
Kandy,5-star,20043,1572,4271,120,80,350,900,peak,3.4
Sigiriya,Budget,4019,1105,796,200,150,0,1500,peak,3.5
Kandy,5-star,23024,2039,5462,120,80,350,900,off-peak,4.4
Sigiriya,Mid-range,6019,2570,1604,200,150,0,1500,peak,3.4
Anuradhapura,Mid-range,3424,2398,1062,210,140,420,1600,off-peak,4.3
Sigiriya,Mid-range,10275,2272,1716,200,150,0,1500,peak,4.2
Anuradhapura,Mid-range,4595,2928,855,210,140,420,1600,peak,3.5
Colombo,5-star,22856,2606,4023,100,60,0,800,off-peak,3.6
Nuwara Eliya,Mid-range,4004,2603,1251,170,110,380,1300,off-peak,4.5
Trincomalee,Budget,2175,2705,474,190,130,0,1400,off-peak,3.7
Kandy,Mid-range,5782,1223,1526,120,80,350,900,off-peak,4.0
Polonnaruwa,Budget,1649,1777,777,200,130,410,1550,peak,3.6
Colombo,Budget,5468,2228,488,100,60,0,800,off-peak,3.5
Colombo,Mid-range,9543,2916,1912,100,60,0,800,peak,4.4
Anuradhapura,Mid-range,5587,2993,1560,210,140,420,1600,off-peak,4.0
Ella,Budget,4407,736,547,150,100,400,1200,peak,3.1
Nuwara Eliya,5-star,11207,874,5286,170,110,380,1300,peak,3.7
Mirissa,Mid-range,7391,2174,1733,180,120,500,1100,peak,4.4
Polonnaruwa,5-star,11429,878,3452,200,130,410,1550,off-peak,4.4
Ella,Budget,3529,2441,501,150,100,400,1200,peak,3.4
Ella,5-star,11447,711,4206,150,100,400,1200,peak,3.6
Anuradhapura,Mid-range,5444,2187,1371,210,140,420,1600,off-peak,4.3
Kandy,Mid-range,5418,2036,934,120,80,350,900,off-peak,3.9
Nuwara Eliya,5-star,14681,1166,3278,170,110,380,1300,peak,4.0
Galle,Mid-range,7184,2524,1461,160,100,450,1000,off-peak,4.1
Colombo,Budget,5256,615,337,100,60,0,800,peak,4.2
Galle,5-star,20158,2707,4692,160,100,450,1000,off-peak,3.3
Polonnaruwa,Mid-range,5871,2205,1684,200,130,410,1550,off-peak,4.3
Kandy,5-star,12312,1135,4455,120,80,350,900,peak,4.2
Sigiriya,Budget,4276,2566,754,200,150,0,1500,peak,5.0
Kandy,5-star,21271,1114,3040,120,80,350,900,off-peak,3.4
Sigiriya,5-star,11334,692,2876,200,150,0,1500,peak,3.8
Ella,Budget,3451,2020,656,150,100,400,1200,off-peak,4.2
Kandy,Budget,4851,861,542,120,80,350,900,peak,3.2
Trincomalee,Budget,3189,1270,567,190,130,0,1400,peak,3.3
Ella,5-star,17475,2977,5060,150,100,400,1200,off-peak,3.5
Colombo,Budget,4500,1267,532,100,60,0,800,peak,4.1
Trincomalee,Budget,2311,1402,528,190,130,0,1400,peak,3.7
Nuwara Eliya,Budget,2194,1944,578,170,110,380,1300,off-peak,3.6
Sigiriya,Budget,3247,996,624,200,150,0,1500,peak,4.6
Ella,5-star,15291,1049,2569,150,100,400,1200,off-peak,3.1
Kandy,Budget,3548,2007,640,120,80,350,900,peak,4.2
Anuradhapura,5-star,9507,1135,4771,210,140,420,1600,peak,4.1
Anuradhapura,Budget,2320,777,779,210,140,420,1600,off-peak,3.8
Polonnaruwa,Mid-range,4875,2498,1824,200,130,410,1550,peak,4.8
Mirissa,Budget,2982,771,779,180,120,500,1100,off-peak,4.5
Colombo,Budget,5571,2598,762,100,60,0,800,peak,4.3
Mirissa,Budget,2447,2467,622,180,120,500,1100,off-peak,4.0
Anuradhapura,5-star,10816,1295,2887,210,140,420,1600,off-peak,3.9
Galle,Budget,2267,2899,517,160,100,450,1000,off-peak,3.9
Trincomalee,Mid-range,6569,825,890,190,130,0,1400,peak,3.1
Kandy,5-star,15765,826,2424,120,80,350,900,peak,4.1
Colombo,Mid-range,9196,2360,1140,100,60,0,800,off-peak,4.8
Polonnaruwa,Mid-range,4460,1112,1131,200,130,410,1550,peak,3.6
Polonnaruwa,Budget,2034,1969,796,200,130,410,1550,peak,3.7
Colombo,Mid-range,7056,1233,1616,100,60,0,800,peak,3.9
Kandy,5-star,15264,766,4137,120,80,350,900,off-peak,4.7
Ella,Budget,2236,1021,330,150,100,400,1200,off-peak,4.3
Sigiriya,5-star,16120,2243,2459,200,150,0,1500,off-peak,4.0
Ella,5-star,18637,1619,3218,150,100,400,1200,peak,3.2
Sigiriya,Mid-range,5222,2977,1752,200,150,0,1500,off-peak,3.6
Ella,Budget,3424,2324,687,150,100,400,1200,off-peak,4.3
Trincomalee,Mid-range,5841,2054,1246,190,130,0,1400,off-peak,4.2
Nuwara Eliya,5-star,17228,1366,5734,170,110,380,1300,peak,3.9
Kandy,Mid-range,6169,2648,1351,120,80,350,900,off-peak,4.7
Galle,Budget,2301,1237,590,160,100,450,1000,off-peak,3.1
Ella,5-star,18727,2776,5385,150,100,400,1200,peak,4.4
Nuwara Eliya,5-star,15115,913,4512,170,110,380,1300,peak,3.5
Polonnaruwa,5-star,7770,1904,2058,200,130,410,1550,peak,4.0
Mirissa,Mid-range,6935,574,1001,180,120,500,1100,off-peak,3.0
Trincomalee,Budget,2532,772,427,190,130,0,1400,off-peak,4.2
Colombo,Mid-range,9340,2646,806,100,60,0,800,off-peak,3.1
Nuwara Eliya,Mid-range,7745,2948,1170,170,110,380,1300,peak,3.9
Trincomalee,5-star,12331,2551,5708,190,130,0,1400,peak,4.2
Galle,5-star,20766,2950,2688,160,100,450,1000,peak,4.8
Sigiriya,Mid-range,9617,893,1676,200,150,0,1500,off-peak,3.7
Trincomalee,Budget,2331,2911,604,190,130,0,1400,peak,3.2
Polonnaruwa,Budget,2070,1685,378,200,130,410,1550,peak,4.7
Colombo,5-star,26439,2129,2476,100,60,0,800,off-peak,3.9
Galle,Mid-range,5520,1395,1587,160,100,450,1000,off-peak,3.1
Polonnaruwa,Mid-range,4057,1048,1080,200,130,410,1550,off-peak,3.6
Nuwara Eliya,Mid-range,5921,2987,818,170,110,380,1300,off-peak,4.3
Mirissa,Mid-range,7441,695,1382,180,120,500,1100,off-peak,4.8
Ella,5-star,18855,2156,5311,150,100,400,1200,peak,4.5
Colombo,Budget,5211,576,401,100,60,0,800,peak,4.8
Trincomalee,Budget,2393,2888,378,190,130,0,1400,off-peak,3.7
Anuradhapura,Mid-range,3344,1066,1210,210,140,420,1600,off-peak,3.4
Nuwara Eliya,Budget,3925,2808,392,170,110,380,1300,off-peak,3.1
Anuradhapura,Budget,1974,2766,304,210,140,420,1600,off-peak,3.9
Kandy,Budget,3620,2858,700,120,80,350,900,off-peak,4.8
Kandy,5-star,24489,1719,2804,120,80,350,900,peak,3.8
Ella,Mid-range,8628,1415,872,150,100,400,1200,off-peak,4.0
Mirissa,Mid-range,5813,2894,1750,180,120,500,1100,off-peak,4.7
Ella,Mid-range,4629,2603,1313,150,100,400,1200,peak,3.0
Galle,Budget,4144,854,602,160,100,450,1000,off-peak,3.7
Galle,5-star,16010,1723,4433,160,100,450,1000,off-peak,3.8
Trincomalee,Mid-range,3789,1929,1244,190,130,0,1400,off-peak,4.1
Trincomalee,5-star,12585,2580,2430,190,130,0,1400,peak,4.7
Mirissa,Mid-range,5554,731,1650,180,120,500,1100,peak,3.5
Nuwara Eliya,Mid-range,6846,582,1089,170,110,380,1300,peak,4.0
Sigiriya,Mid-range,8283,2966,884,200,150,0,1500,peak,3.6
Sigiriya,Mid-range,6075,1835,1548,200,150,0,1500,peak,4.0
Anuradhapura,Mid-range,5524,559,924,210,140,420,1600,peak,4.4
Galle,Mid-range,5156,918,1655,160,100,450,1000,off-peak,4.1
Anuradhapura,5-star,6829,1140,5164,210,140,420,1600,peak,4.8
Sigiriya,5-star,27432,2905,2242,200,150,0,1500,off-peak,3.6
Sigiriya,5-star,19282,2372,5365,200,150,0,1500,peak,4.2
Trincomalee,Mid-range,3926,1129,1102,190,130,0,1400,off-peak,4.5
Colombo,Budget,4043,811,475,100,60,0,800,peak,4.9
Nuwara Eliya,5-star,13585,1128,2415,170,110,380,1300,peak,4.3
Galle,Mid-range,5792,603,1181,160,100,450,1000,off-peak,4.0
Anuradhapura,Budget,1951,812,380,210,140,420,1600,peak,4.0
Galle,5-star,19580,2114,5815,160,100,450,1000,peak,4.6
Galle,Mid-range,8918,2418,1592,160,100,450,1000,peak,4.3
Galle,Mid-range,8323,2567,1317,160,100,450,1000,peak,3.5
Sigiriya,5-star,13196,1317,3109,200,150,0,1500,peak,4.6
Nuwara Eliya,5-star,9313,2517,3322,170,110,380,1300,off-peak,4.8
Galle,Budget,3937,2184,367,160,100,450,1000,off-peak,3.3
Nuwara Eliya,5-star,12285,2645,5382,170,110,380,1300,peak,4.8
Mirissa,5-star,11037,2078,5291,180,120,500,1100,off-peak,4.7
Anuradhapura,5-star,7322,2339,4707,210,140,420,1600,off-peak,4.0
Nuwara Eliya,Mid-range,7249,2632,937,170,110,380,1300,off-peak,3.4
Anuradhapura,Mid-range,4978,518,1929,210,140,420,1600,off-peak,4.6
Polonnaruwa,Mid-range,4015,2059,1774,200,130,410,1550,off-peak,4.3
Anuradhapura,Mid-range,4867,717,1257,210,140,420,1600,off-peak,4.2
Galle,Mid-range,8665,2160,1192,160,100,450,1000,peak,4.6
Mirissa,Mid-range,7069,523,1017,180,120,500,1100,off-peak,4.6
Kandy,5-star,22560,2413,3449,120,80,350,900,peak,3.1
Nuwara Eliya,5-star,14036,2016,5056,170,110,380,1300,off-peak,4.3
Galle,5-star,12600,2095,3734,160,100,450,1000,peak,3.0
Colombo,Mid-range,6938,1623,1685,100,60,0,800,peak,3.6
Colombo,Mid-range,6695,1705,1744,100,60,0,800,off-peak,4.6
Mirissa,5-star,16603,578,3215,180,120,500,1100,off-peak,3.3
Trincomalee,Budget,2312,2823,740,190,130,0,1400,peak,4.4
Nuwara Eliya,5-star,11848,868,2085,170,110,380,1300,peak,4.0
Ella,5-star,12847,1870,3079,150,100,400,1200,peak,5.0
Sigiriya,Mid-range,9453,2781,803,200,150,0,1500,peak,3.3
Anuradhapura,Mid-range,3968,2627,888,210,140,420,1600,peak,4.6
Nuwara Eliya,5-star,13192,2986,5298,170,110,380,1300,off-peak,3.7
Ella,5-star,10027,2006,5251,150,100,400,1200,peak,4.5
Mirissa,Budget,3267,1203,359,180,120,500,1100,peak,3.5
Mirissa,Budget,2947,1657,641,180,120,500,1100,peak,4.7
Kandy,Mid-range,6402,1467,1364,120,80,350,900,peak,4.3
Sigiriya,Budget,4711,2902,783,200,150,0,1500,peak,4.1
Colombo,5-star,12936,1011,4938,100,60,0,800,peak,4.4
Mirissa,5-star,9854,1761,4690,180,120,500,1100,off-peak,4.2
Mirissa,5-star,11524,1956,5067,180,120,500,1100,peak,4.4
Colombo,Budget,5689,1164,586,100,60,0,800,off-peak,3.9
Kandy,Mid-range,8257,1715,837,120,80,350,900,peak,4.7
Mirissa,Mid-range,7641,1150,842,180,120,500,1100,peak,4.4
Colombo,Mid-range,7006,1976,1438,100,60,0,800,peak,3.7
Trincomalee,5-star,11175,2693,5427,190,130,0,1400,peak,3.7
Sigiriya,5-star,14047,608,5384,200,150,0,1500,peak,4.8
Galle,Budget,4365,1630,406,160,100,450,1000,off-peak,4.3
Galle,Budget,3128,2872,515,160,100,450,1000,peak,3.2
Anuradhapura,5-star,7232,1053,5147,210,140,420,1600,off-peak,4.3
Mirissa,5-star,16301,2011,4750,180,120,500,1100,peak,4.8
Trincomalee,Mid-range,4907,936,1480,190,130,0,1400,peak,3.2
Kandy,Mid-range,7283,1201,1788,120,80,350,900,peak,4.8
Colombo,Budget,3944,2639,527,100,60,0,800,peak,5.0
Mirissa,5-star,14428,1109,4072,180,120,500,1100,off-peak,3.0
Colombo,Mid-range,9991,1019,1595,100,60,0,800,peak,5.0
Nuwara Eliya,5-star,16894,2086,4454,170,110,380,1300,peak,3.1
Galle,Budget,2452,1269,459,160,100,450,1000,peak,4.6
Kandy,Mid-range,6135,2591,985,120,80,350,900,peak,4.1
Anuradhapura,Budget,2457,578,591,210,140,420,1600,peak,5.0
Mirissa,5-star,15842,1054,3105,180,120,500,1100,off-peak,5.0
Nuwara Eliya,Mid-range,6980,2398,928,170,110,380,1300,peak,3.6
Colombo,Mid-range,11809,2882,1870,100,60,0,800,peak,4.0
Trincomalee,Mid-range,3760,1213,1138,190,130,0,1400,off-peak,3.3
Colombo,5-star,16428,2738,2969,100,60,0,800,off-peak,3.4
Galle,5-star,21328,2695,2158,160,100,450,1000,off-peak,4.6
Mirissa,5-star,14023,2957,4528,180,120,500,1100,off-peak,3.6
Trincomalee,Budget,2445,1780,324,190,130,0,1400,off-peak,3.1
Trincomalee,Mid-range,6181,875,1517,190,130,0,1400,off-peak,4.5
Trincomalee,Mid-range,6381,2330,1885,190,130,0,1400,peak,3.3
Anuradhapura,Mid-range,4528,1233,970,210,140,420,1600,peak,3.7
Nuwara Eliya,Budget,3025,1216,538,170,110,380,1300,peak,3.2
Galle,Mid-range,8369,1800,1049,160,100,450,1000,peak,3.1
Nuwara Eliya,5-star,17866,1803,4596,170,110,380,1300,off-peak,4.7
Nuwara Eliya,Budget,2507,2578,347,170,110,380,1300,peak,4.0
Mirissa,Budget,3549,2541,324,180,120,500,1100,off-peak,3.3
Kandy,Budget,4369,2461,318,120,80,350,900,off-peak,4.6
Kandy,Mid-range,5910,1737,1565,120,80,350,900,off-peak,4.3
Kandy,5-star,14540,805,2580,120,80,350,900,peak,4.1
Nuwara Eliya,5-star,13465,2868,5165,170,110,380,1300,peak,5.0
Sigiriya,5-star,16800,2988,2369,200,150,0,1500,off-peak,4.9
Kandy,5-star,22413,1254,2112,120,80,350,900,off-peak,4.3
Colombo,Budget,3096,2142,423,100,60,0,800,peak,3.9
Kandy,5-star,14303,878,2594,120,80,350,900,peak,4.9
Colombo,5-star,14744,2160,5272,100,60,0,800,off-peak,4.8
Nuwara Eliya,Budget,2052,1370,392,170,110,380,1300,peak,3.4
Mirissa,Budget,3618,1651,367,180,120,500,1100,peak,4.8
Galle,5-star,16094,2602,3202,160,100,450,1000,peak,3.7
Galle,Mid-range,6805,991,1138,160,100,450,1000,peak,3.3
Kandy,5-star,19028,1234,4324,120,80,350,900,off-peak,4.7
Anuradhapura,Mid-range,3331,1270,1964,210,140,420,1600,peak,3.5
Trincomalee,Budget,1953,1441,729,190,130,0,1400,off-peak,4.0
Polonnaruwa,5-star,11224,596,2030,200,130,410,1550,peak,3.9
Mirissa,Budget,2506,1354,339,180,120,500,1100,off-peak,4.7
Nuwara Eliya,Budget,3060,1186,622,170,110,380,1300,peak,4.4
Colombo,Mid-range,8864,2192,1760,100,60,0,800,off-peak,4.7
Mirissa,Mid-range,6013,2687,1464,180,120,500,1100,off-peak,4.2
Mirissa,Mid-range,6297,672,1666,180,120,500,1100,off-peak,4.1
Trincomalee,5-star,9561,529,4146,190,130,0,1400,off-peak,4.5
Colombo,Mid-range,9621,2326,1905,100,60,0,800,off-peak,5.0
Ella,5-star,13279,696,4153,150,100,400,1200,off-peak,3.4
Sigiriya,Budget,2534,1827,541,200,150,0,1500,off-peak,3.7
Galle,Budget,2360,1404,481,160,100,450,1000,off-peak,4.7
Trincomalee,5-star,12980,2735,4638,190,130,0,1400,peak,3.1
Ella,Mid-range,8442,619,1051,150,100,400,1200,off-peak,4.0
Trincomalee,5-star,11301,1130,5509,190,130,0,1400,peak,3.6
Colombo,Mid-range,9534,2342,1264,100,60,0,800,peak,4.9
Ella,Mid-range,5747,857,1280,150,100,400,1200,off-peak,3.1
Polonnaruwa,5-star,6263,1985,2439,200,130,410,1550,off-peak,3.9
Colombo,Mid-range,8924,592,1012,100,60,0,800,peak,3.0
Ella,5-star,16389,672,3972,150,100,400,1200,off-peak,4.0
Colombo,Budget,3106,2558,527,100,60,0,800,off-peak,4.3
Kandy,Mid-range,8687,1050,828,120,80,350,900,peak,4.8
Mirissa,5-star,11831,1946,3336,180,120,500,1100,peak,4.0
Nuwara Eliya,Mid-range,7755,2527,1397,170,110,380,1300,off-peak,4.3
Polonnaruwa,5-star,9203,562,5138,200,130,410,1550,off-peak,4.0
Anuradhapura,Budget,1717,927,542,210,140,420,1600,off-peak,4.0
Trincomalee,Budget,3158,1769,601,190,130,0,1400,peak,4.1
Anuradhapura,5-star,10197,2952,5589,210,140,420,1600,peak,4.7
Colombo,Mid-range,10584,2662,1607,100,60,0,800,peak,4.8
Anuradhapura,5-star,11743,1053,4290,210,140,420,1600,peak,4.2
Colombo,Budget,3381,622,375,100,60,0,800,peak,4.6
Polonnaruwa,Budget,2781,2912,739,200,130,410,1550,peak,4.6
Anuradhapura,5-star,6285,2270,5946,210,140,420,1600,peak,4.8
Polonnaruwa,Budget,1872,1263,797,200,130,410,1550,off-peak,4.9
Anuradhapura,5-star,6103,679,3233,210,140,420,1600,off-peak,3.5
Anuradhapura,Mid-range,4961,1328,1648,210,140,420,1600,peak,4.6
Colombo,5-star,16497,751,3905,100,60,0,800,off-peak,4.7
Sigiriya,5-star,13374,2109,4253,200,150,0,1500,peak,4.1
Polonnaruwa,5-star,9078,2615,5991,200,130,410,1550,peak,3.0
Nuwara Eliya,Mid-range,5004,988,833,170,110,380,1300,off-peak,3.3
Galle,Mid-range,6451,2204,1792,160,100,450,1000,off-peak,5.0
Galle,Budget,3434,1514,603,160,100,450,1000,peak,4.4
Colombo,5-star,29990,1177,3101,100,60,0,800,peak,3.4
Kandy,Mid-range,8053,2108,1036,120,80,350,900,off-peak,4.6
Nuwara Eliya,Mid-range,6753,2327,1033,170,110,380,1300,peak,4.5
Mirissa,5-star,8909,1140,3838,180,120,500,1100,peak,3.1
Ella,Mid-range,6667,2834,902,150,100,400,1200,peak,4.3
Colombo,Budget,4482,766,442,100,60,0,800,peak,3.6
Sigiriya,5-star,23613,1273,5985,200,150,0,1500,off-peak,3.2
Ella,5-star,12264,2609,3396,150,100,400,1200,peak,3.6
Ella,5-star,19755,2608,4647,150,100,400,1200,peak,4.5
Mirissa,5-star,9642,2894,3738,180,120,500,1100,peak,3.4
Sigiriya,Budget,4331,1870,723,200,150,0,1500,peak,5.0
Nuwara Eliya,Budget,3155,1408,584,170,110,380,1300,peak,4.0
Kandy,Budget,4176,1507,762,120,80,350,900,off-peak,4.1
Mirissa,Mid-range,6868,1550,1591,180,120,500,1100,off-peak,4.2
Mirissa,Budget,3993,2911,331,180,120,500,1100,peak,4.6
Colombo,5-star,26022,772,4233,100,60,0,800,peak,3.3
Nuwara Eliya,5-star,10265,779,2563,170,110,380,1300,peak,4.7
Polonnaruwa,Budget,2461,2736,426,200,130,410,1550,off-peak,4.5
Trincomalee,Budget,3421,2540,766,190,130,0,1400,peak,3.7
Sigiriya,Mid-range,8267,1678,1926,200,150,0,1500,peak,4.8
Mirissa,Mid-range,4262,2548,1533,180,120,500,1100,off-peak,4.0
Kandy,Mid-range,6040,1882,1815,120,80,350,900,peak,3.3
Ella,5-star,11529,2037,5600,150,100,400,1200,off-peak,3.8
Sigiriya,5-star,23385,2465,4316,200,150,0,1500,off-peak,4.9
Mirissa,Budget,2225,623,568,180,120,500,1100,off-peak,3.7
Colombo,Mid-range,8764,1786,1507,100,60,0,800,off-peak,3.1
Galle,Mid-range,6317,1110,1146,160,100,450,1000,off-peak,4.8
Galle,Budget,2618,2397,369,160,100,450,1000,off-peak,4.0
Trincomalee,5-star,11208,1317,5472,190,130,0,1400,peak,4.9
Kandy,Mid-range,7122,626,833,120,80,350,900,peak,4.7
Trincomalee,Mid-range,4385,2758,1230,190,130,0,1400,off-peak,3.6
Nuwara Eliya,5-star,13838,2173,5349,170,110,380,1300,off-peak,3.9
Anuradhapura,Budget,2437,2545,457,210,140,420,1600,peak,4.4
Ella,5-star,16632,2938,4718,150,100,400,1200,off-peak,3.3
Kandy,5-star,10688,2880,5756,120,80,350,900,off-peak,3.7
Anuradhapura,Mid-range,5753,2919,1655,210,140,420,1600,peak,3.7
Colombo,Mid-range,9989,1088,1668,100,60,0,800,off-peak,4.0
Mirissa,Budget,3285,2753,363,180,120,500,1100,peak,4.5
Trincomalee,Budget,3332,1864,591,190,130,0,1400,peak,3.8
Sigiriya,Mid-range,8894,1980,1961,200,150,0,1500,off-peak,3.8
Galle,5-star,19406,1441,3784,160,100,450,1000,peak,3.5
Trincomalee,Mid-range,3961,1002,1612,190,130,0,1400,off-peak,3.7
Anuradhapura,5-star,11830,1460,3619,210,140,420,1600,off-peak,5.0
Ella,Budget,4409,793,676,150,100,400,1200,off-peak,3.0
Ella,Mid-range,8862,2906,1062,150,100,400,1200,off-peak,4.3
Anuradhapura,5-star,7956,2947,4295,210,140,420,1600,off-peak,4.2
Ella,Mid-range,8485,2192,1980,150,100,400,1200,off-peak,4.7
Nuwara Eliya,5-star,13504,2245,4906,170,110,380,1300,off-peak,3.7
Galle,Budget,2442,2478,629,160,100,450,1000,off-peak,3.8
Polonnaruwa,Budget,2869,1248,430,200,130,410,1550,off-peak,3.7
Trincomalee,Budget,3372,2781,486,190,130,0,1400,off-peak,3.5
Trincomalee,5-star,14240,1514,5225,190,130,0,1400,off-peak,4.9
Anuradhapura,Mid-range,3467,1364,818,210,140,420,1600,peak,4.4
Sigiriya,Budget,3046,950,636,200,150,0,1500,off-peak,4.9
Anuradhapura,Mid-range,5759,2193,1702,210,140,420,1600,peak,4.4
Mirissa,Budget,3891,626,364,180,120,500,1100,peak,5.0
Sigiriya,Mid-range,5436,598,1191,200,150,0,1500,peak,4.1
Sigiriya,Mid-range,7307,1439,1897,200,150,0,1500,off-peak,4.5
Nuwara Eliya,5-star,10642,2886,3393,170,110,380,1300,peak,3.8
Sigiriya,Budget,3285,1904,325,200,150,0,1500,off-peak,4.8
Galle,5-star,15998,640,4899,160,100,450,1000,peak,3.4
Colombo,5-star,15278,937,4229,100,60,0,800,off-peak,3.3
Trincomalee,5-star,10178,961,4991,190,130,0,1400,off-peak,4.6
Kandy,5-star,23722,2851,2177,120,80,350,900,off-peak,3.4
Nuwara Eliya,Budget,3752,2521,754,170,110,380,1300,off-peak,3.4
Nuwara Eliya,5-star,9678,833,5591,170,110,380,1300,off-peak,4.0
Trincomalee,5-star,12408,1591,5642,190,130,0,1400,off-peak,3.9
Anuradhapura,Budget,2494,1128,322,210,140,420,1600,off-peak,3.2
Polonnaruwa,Mid-range,5872,1552,1547,200,130,410,1550,peak,4.6
Anuradhapura,Mid-range,5464,1289,1313,210,140,420,1600,peak,4.4
Galle,5-star,10523,638,2126,160,100,450,1000,off-peak,4.3
Nuwara Eliya,5-star,9512,1699,4698,170,110,380,1300,peak,3.3
Sigiriya,Budget,4270,1661,772,200,150,0,1500,peak,4.1
Colombo,Mid-range,6712,704,827,100,60,0,800,peak,4.7
Nuwara Eliya,5-star,12546,2323,4203,170,110,380,1300,off-peak,3.9
Colombo,5-star,15340,1265,2457,100,60,0,800,peak,4.0
Trincomalee,5-star,12954,2650,5499,190,130,0,1400,peak,4.4
Galle,5-star,15696,1246,2618,160,100,450,1000,off-peak,4.3
Trincomalee,5-star,9453,2968,5698,190,130,0,1400,peak,4.8
Kandy,5-star,24578,1255,2865,120,80,350,900,peak,3.9
Trincomalee,Mid-range,5104,2985,1280,190,130,0,1400,peak,4.8
Kandy,5-star,20853,2762,4213,120,80,350,900,off-peak,3.3
Anuradhapura,Budget,2616,2738,784,210,140,420,1600,off-peak,4.1
Trincomalee,Mid-range,5764,609,963,190,130,0,1400,off-peak,4.8
Polonnaruwa,5-star,7742,731,4379,200,130,410,1550,peak,4.5
Polonnaruwa,Mid-range,3028,2925,1778,200,130,410,1550,off-peak,3.5
Polonnaruwa,Budget,1899,1224,516,200,130,410,1550,peak,3.5
Polonnaruwa,5-star,10539,767,5938,200,130,410,1550,off-peak,4.5
Anuradhapura,5-star,7055,799,2171,210,140,420,1600,peak,3.5
Galle,5-star,14828,2050,2066,160,100,450,1000,peak,4.1
Ella,5-star,17670,2260,2927,150,100,400,1200,peak,4.2
Trincomalee,Mid-range,5267,2789,1833,190,130,0,1400,off-peak,3.5
Colombo,Mid-range,7700,1862,853,100,60,0,800,peak,4.7
Anuradhapura,Mid-range,5257,2448,1620,210,140,420,1600,peak,4.4
Galle,5-star,20583,1842,2081,160,100,450,1000,off-peak,4.1
Trincomalee,Mid-range,3534,1886,1963,190,130,0,1400,off-peak,3.2
Sigiriya,5-star,14147,806,3747,200,150,0,1500,off-peak,4.9
Mirissa,Budget,3593,939,493,180,120,500,1100,peak,3.5
Mirissa,5-star,8713,1038,5822,180,120,500,1100,peak,4.9
Ella,Mid-range,5303,559,1350,150,100,400,1200,off-peak,4.3
Ella,Budget,2220,1005,588,150,100,400,1200,off-peak,3.2
Galle,Budget,2617,2920,470,160,100,450,1000,peak,4.5
Galle,Mid-range,8311,1428,1171,160,100,450,1000,off-peak,4.9
Sigiriya,Mid-range,8633,2102,1452,200,150,0,1500,peak,3.5
Anuradhapura,5-star,7342,1498,3999,210,140,420,1600,peak,4.4
Kandy,5-star,23231,1389,5917,120,80,350,900,peak,4.4
Trincomalee,Budget,2390,1606,757,190,130,0,1400,peak,4.4
Sigiriya,Mid-range,8495,2034,866,200,150,0,1500,peak,3.3
Kandy,Mid-range,6661,905,1034,120,80,350,900,peak,3.6
Galle,Mid-range,8288,883,1346,160,100,450,1000,off-peak,4.1
Colombo,5-star,22425,2590,5536,100,60,0,800,peak,4.5
Kandy,Budget,3144,1702,646,120,80,350,900,off-peak,3.9
Polonnaruwa,Budget,1692,598,800,200,130,410,1550,peak,3.5
Anuradhapura,Mid-range,4975,1088,1024,210,140,420,1600,off-peak,4.3
Trincomalee,Budget,2826,2602,796,190,130,0,1400,peak,4.8
Galle,Budget,3004,891,699,160,100,450,1000,peak,4.9
Mirissa,5-star,9287,2718,2828,180,120,500,1100,peak,3.2
Mirissa,Mid-range,5159,2528,1419,180,120,500,1100,peak,4.6
Mirissa,5-star,16125,1312,5928,180,120,500,1100,off-peak,3.3
Mirissa,Mid-range,4459,911,893,180,120,500,1100,off-peak,4.4
Trincomalee,5-star,13048,704,5139,190,130,0,1400,peak,4.2
Polonnaruwa,5-star,8831,2652,4550,200,130,410,1550,off-peak,4.9
Polonnaruwa,Budget,1699,1012,750,200,130,410,1550,off-peak,4.6
Nuwara Eliya,Budget,2650,1246,582,170,110,380,1300,peak,4.6
Trincomalee,Mid-range,4398,642,999,190,130,0,1400,peak,4.7
Nuwara Eliya,Budget,3679,1824,567,170,110,380,1300,peak,4.8
Nuwara Eliya,Mid-range,4559,895,1714,170,110,380,1300,peak,4.7
Ella,Budget,4462,2960,394,150,100,400,1200,off-peak,4.0
Mirissa,5-star,16201,1385,2397,180,120,500,1100,off-peak,3.5
Sigiriya,5-star,22667,946,3045,200,150,0,1500,off-peak,4.4
Nuwara Eliya,5-star,9345,1443,4570,170,110,380,1300,off-peak,3.6
Polonnaruwa,Budget,1701,863,716,200,130,410,1550,peak,3.0
Trincomalee,Budget,3170,1648,424,190,130,0,1400,off-peak,4.7
Sigiriya,Mid-range,10989,1196,1633,200,150,0,1500,peak,3.5
Galle,5-star,17250,602,3299,160,100,450,1000,peak,4.1
Galle,Mid-range,6583,2808,1835,160,100,450,1000,off-peak,3.3
Trincomalee,Mid-range,5405,889,1002,190,130,0,1400,peak,4.8
Trincomalee,Mid-range,3807,2794,1109,190,130,0,1400,off-peak,3.3
Galle,Budget,2978,720,774,160,100,450,1000,peak,4.5
Trincomalee,Budget,2610,2584,549,190,130,0,1400,off-peak,4.9
Ella,Budget,2234,2475,686,150,100,400,1200,off-peak,4.0
Ella,Mid-range,6981,1899,1484,150,100,400,1200,peak,3.2
Polonnaruwa,Mid-range,3557,2390,1955,200,130,410,1550,peak,4.1
Nuwara Eliya,Mid-range,4638,2380,1455,170,110,380,1300,peak,3.5
Ella,5-star,10961,641,4350,150,100,400,1200,peak,4.3
Galle,5-star,15132,1169,5957,160,100,450,1000,off-peak,3.1
Kandy,Budget,3097,1215,367,120,80,350,900,peak,3.4
Galle,Budget,3637,2044,595,160,100,450,1000,peak,3.3
Galle,5-star,17783,773,2325,160,100,450,1000,peak,4.2
Mirissa,5-star,16555,1295,2165,180,120,500,1100,off-peak,4.3
Ella,Mid-range,4637,1493,1102,150,100,400,1200,peak,4.1
Kandy,Budget,3806,1963,480,120,80,350,900,off-peak,3.3
Anuradhapura,Budget,2355,2498,301,210,140,420,1600,peak,3.3
Trincomalee,5-star,7639,643,3502,190,130,0,1400,peak,3.3
Polonnaruwa,Budget,2320,2544,475,200,130,410,1550,off-peak,3.2
Galle,Budget,3532,1218,381,160,100,450,1000,peak,3.3
Polonnaruwa,Budget,2696,991,679,200,130,410,1550,off-peak,3.4
Nuwara Eliya,5-star,16031,792,2353,170,110,380,1300,peak,3.6
Anuradhapura,Mid-range,5084,2678,1599,210,140,420,1600,peak,4.8
Ella,Budget,3851,1574,791,150,100,400,1200,off-peak,4.4
Polonnaruwa,Budget,2364,2234,389,200,130,410,1550,off-peak,3.4
Kandy,Budget,4432,2429,490,120,80,350,900,peak,4.7
Ella,Budget,3734,2714,538,150,100,400,1200,peak,3.7
Kandy,Mid-range,9943,577,1830,120,80,350,900,off-peak,4.2
Polonnaruwa,Budget,2153,2047,389,200,130,410,1550,off-peak,3.3
Nuwara Eliya,Budget,2414,2587,391,170,110,380,1300,peak,3.3
Ella,5-star,15873,2899,5894,150,100,400,1200,peak,3.6
Galle,Mid-range,6246,2453,1535,160,100,450,1000,peak,3.1
Ella,Mid-range,6387,2532,901,150,100,400,1200,peak,4.2
Nuwara Eliya,5-star,14791,2599,2451,170,110,380,1300,off-peak,4.8
Sigiriya,Budget,2612,1102,778,200,150,0,1500,peak,4.0
Sigiriya,Mid-range,6572,981,1976,200,150,0,1500,peak,4.2
Mirissa,Mid-range,6407,1138,1569,180,120,500,1100,off-peak,3.2
Ella,5-star,15251,1309,2473,150,100,400,1200,peak,3.3
Polonnaruwa,Budget,2417,1848,658,200,130,410,1550,off-peak,4.6
Colombo,Budget,3309,2801,624,100,60,0,800,peak,5.0
Anuradhapura,Mid-range,4888,898,1494,210,140,420,1600,off-peak,4.4
Sigiriya,5-star,25504,2447,3171,200,150,0,1500,off-peak,4.0
Nuwara Eliya,5-star,12364,1459,4028,170,110,380,1300,peak,4.4
Nuwara Eliya,Budget,3777,2807,307,170,110,380,1300,peak,3.4
Polonnaruwa,Mid-range,3587,822,1395,200,130,410,1550,off-peak,3.7
Anuradhapura,Budget,2424,2766,782,210,140,420,1600,peak,3.8
Anuradhapura,Budget,1910,683,370,210,140,420,1600,off-peak,4.7
Mirissa,5-star,13362,923,2062,180,120,500,1100,peak,3.8
Polonnaruwa,Mid-range,5359,2646,1012,200,130,410,1550,off-peak,3.9
Anuradhapura,Mid-range,5477,2445,945,210,140,420,1600,peak,4.5
Trincomalee,5-star,11266,1670,3503,190,130,0,1400,peak,4.6
Ella,Mid-range,7294,2312,1002,150,100,400,1200,peak,3.2
Nuwara Eliya,5-star,8832,594,4319,170,110,380,1300,off-peak,4.6
Galle,Mid-range,8679,1075,1631,160,100,450,1000,off-peak,4.2
Kandy,5-star,18316,668,2442,120,80,350,900,peak,3.8
Polonnaruwa,5-star,7541,2823,2962,200,130,410,1550,off-peak,3.6
Trincomalee,Mid-range,6404,1894,973,190,130,0,1400,peak,3.2
Kandy,Budget,3710,1158,742,120,80,350,900,off-peak,4.9
Colombo,5-star,22551,1487,3928,100,60,0,800,peak,4.8
Colombo,Mid-range,8258,2693,1215,100,60,0,800,off-peak,4.6
Colombo,Budget,4287,987,345,100,60,0,800,peak,3.2
Mirissa,Budget,2316,835,560,180,120,500,1100,peak,4.0
Polonnaruwa,Budget,1553,1243,391,200,130,410,1550,peak,3.5
Galle,Mid-range,6785,1552,1639,160,100,450,1000,off-peak,4.3
Sigiriya,5-star,20907,1995,3553,200,150,0,1500,peak,4.8
Polonnaruwa,5-star,6407,2662,4678,200,130,410,1550,off-peak,3.5
Trincomalee,Mid-range,6072,1065,1278,190,130,0,1400,off-peak,3.6
Kandy,Budget,4779,1815,472,120,80,350,900,off-peak,3.5
Sigiriya,5-star,27108,638,3592,200,150,0,1500,off-peak,3.7
Galle,5-star,18921,1653,2014,160,100,450,1000,off-peak,3.5
Ella,Budget,3348,2234,507,150,100,400,1200,off-peak,4.4
Nuwara Eliya,Mid-range,6086,1575,924,170,110,380,1300,peak,4.7
Trincomalee,Mid-range,6809,939,1186,190,130,0,1400,off-peak,3.1
Mirissa,5-star,14593,1549,2219,180,120,500,1100,off-peak,4.4
Kandy,5-star,19178,2774,5993,120,80,350,900,off-peak,4.4
Trincomalee,Mid-range,5232,2144,1439,190,130,0,1400,peak,3.1
Kandy,Budget,4593,764,739,120,80,350,900,peak,4.5
Anuradhapura,Mid-range,4728,2439,990,210,140,420,1600,off-peak,3.1
Trincomalee,Mid-range,5448,839,1772,190,130,0,1400,off-peak,4.4
Sigiriya,5-star,20547,626,3213,200,150,0,1500,peak,3.1
Ella,Mid-range,5587,2261,1969,150,100,400,1200,peak,3.2
Sigiriya,Mid-range,5905,1609,1097,200,150,0,1500,off-peak,4.6
Ella,5-star,19026,2663,2601,150,100,400,1200,peak,3.8
Colombo,Mid-range,10992,1710,1958,100,60,0,800,off-peak,4.1
Colombo,Budget,5069,1205,376,100,60,0,800,peak,3.1
Anuradhapura,5-star,9512,2031,2969,210,140,420,1600,peak,4.2
Kandy,Mid-range,6398,2184,1746,120,80,350,900,off-peak,4.4
Anuradhapura,Mid-range,3676,2642,1440,210,140,420,1600,off-peak,5.0
Nuwara Eliya,Mid-range,5000,1486,1357,170,110,380,1300,off-peak,3.5
Nuwara Eliya,Mid-range,6892,570,1785,170,110,380,1300,peak,4.2
Anuradhapura,Mid-range,3446,2455,1649,210,140,420,1600,peak,3.2
Anuradhapura,Mid-range,3129,2154,1962,210,140,420,1600,peak,4.6
Sigiriya,5-star,19324,2890,3496,200,150,0,1500,off-peak,4.3
Mirissa,Budget,2838,2530,702,180,120,500,1100,off-peak,3.5
Colombo,Mid-range,10850,2950,1002,100,60,0,800,peak,3.9
Colombo,Mid-range,8514,2401,1225,100,60,0,800,off-peak,4.0
Sigiriya,Budget,3926,2940,475,200,150,0,1500,peak,4.9
Sigiriya,Budget,2888,2090,685,200,150,0,1500,off-peak,4.5
Polonnaruwa,5-star,7324,2108,5795,200,130,410,1550,off-peak,3.9
Colombo,Mid-range,8213,2297,1914,100,60,0,800,peak,3.4
Polonnaruwa,5-star,10893,946,5946,200,130,410,1550,off-peak,4.5
Galle,Budget,2969,1940,565,160,100,450,1000,off-peak,4.1
Kandy,5-star,19561,2937,4818,120,80,350,900,off-peak,3.5
Kandy,Mid-range,6036,2785,1765,120,80,350,900,peak,4.2
Galle,Budget,3155,1656,645,160,100,450,1000,off-peak,3.3
Galle,Mid-range,8000,2779,1241,160,100,450,1000,off-peak,3.9
Kandy,Mid-range,9105,1213,1252,120,80,350,900,peak,4.9
Ella,5-star,15028,1522,4492,150,100,400,1200,off-peak,4.8
Trincomalee,5-star,14786,1487,3116,190,130,0,1400,peak,3.6
Kandy,5-star,11321,2706,4331,120,80,350,900,off-peak,4.1
Sigiriya,Budget,4384,1100,301,200,150,0,1500,off-peak,3.9
Mirissa,5-star,12475,2706,2333,180,120,500,1100,peak,3.6
Mirissa,Budget,3799,836,428,180,120,500,1100,peak,4.3
Galle,Mid-range,6650,734,1569,160,100,450,1000,off-peak,3.8
Ella,Budget,3161,1599,591,150,100,400,1200,off-peak,4.0
Colombo,5-star,27044,1802,4258,100,60,0,800,peak,4.2
Ella,Budget,2104,2172,686,150,100,400,1200,peak,4.8
Trincomalee,5-star,12092,1399,2599,190,130,0,1400,off-peak,4.8
Colombo,Budget,4586,1286,504,100,60,0,800,off-peak,4.9
Mirissa,Budget,2509,2564,663,180,120,500,1100,peak,3.3
Mirissa,Budget,2792,826,674,180,120,500,1100,off-peak,4.7
Nuwara Eliya,Mid-range,7088,1284,961,170,110,380,1300,peak,3.9
Trincomalee,Mid-range,4273,1387,1424,190,130,0,1400,off-peak,3.9
Ella,Budget,3092,812,387,150,100,400,1200,off-peak,4.1
Kandy,Mid-range,8042,2540,1253,120,80,350,900,peak,4.1
Trincomalee,Mid-range,5834,1045,1357,190,130,0,1400,peak,4.1
Ella,Mid-range,4932,2132,961,150,100,400,1200,off-peak,4.0
Galle,5-star,17754,1704,2883,160,100,450,1000,peak,3.2
Polonnaruwa,Mid-range,5620,1861,1193,200,130,410,1550,peak,4.0
Ella,5-star,13586,571,4888,150,100,400,1200,peak,4.5
Anuradhapura,5-star,10047,784,3227,210,140,420,1600,peak,3.8
Galle,5-star,20332,2702,2394,160,100,450,1000,off-peak,3.8
Galle,Budget,3030,924,462,160,100,450,1000,peak,3.2
Mirissa,Budget,2237,1177,505,180,120,500,1100,off-peak,4.1
Ella,Mid-range,6425,818,1849,150,100,400,1200,off-peak,4.5
Nuwara Eliya,5-star,8384,1096,5428,170,110,380,1300,off-peak,3.1
Trincomalee,Mid-range,5314,1584,1638,190,130,0,1400,peak,4.8
Kandy,Budget,4765,2068,610,120,80,350,900,off-peak,4.5
Polonnaruwa,5-star,6152,1879,2618,200,130,410,1550,off-peak,4.9
Colombo,5-star,20501,2487,5223,100,60,0,800,peak,3.3
Sigiriya,5-star,27361,2481,2676,200,150,0,1500,peak,4.1
Mirissa,Budget,3880,953,384,180,120,500,1100,off-peak,4.5
Anuradhapura,Mid-range,4832,2965,1266,210,140,420,1600,peak,3.7
Galle,Mid-range,4988,1252,969,160,100,450,1000,peak,3.6
Sigiriya,5-star,12984,1697,5039,200,150,0,1500,peak,3.9
Colombo,5-star,25681,2246,5924,100,60,0,800,peak,4.8
Sigiriya,5-star,22021,2426,2679,200,150,0,1500,peak,4.2
Galle,Budget,4500,2872,742,160,100,450,1000,off-peak,3.2
Galle,5-star,13781,2376,2867,160,100,450,1000,off-peak,4.2
Ella,5-star,14267,817,3501,150,100,400,1200,off-peak,3.3
Kandy,5-star,16160,506,5655,120,80,350,900,off-peak,4.1
Galle,Mid-range,5756,1852,1065,160,100,450,1000,off-peak,4.0
Kandy,5-star,12718,2733,5503,120,80,350,900,peak,4.1
Nuwara Eliya,Budget,3630,1135,658,170,110,380,1300,peak,3.7
Nuwara Eliya,Budget,2567,1359,625,170,110,380,1300,peak,4.9
Kandy,Budget,4232,2415,462,120,80,350,900,off-peak,3.8
Trincomalee,Mid-range,4727,2463,963,190,130,0,1400,peak,3.1
Colombo,5-star,15609,2083,5644,100,60,0,800,peak,3.3
Nuwara Eliya,5-star,14917,1955,3617,170,110,380,1300,off-peak,3.4
Trincomalee,5-star,14127,1775,5912,190,130,0,1400,off-peak,3.7
Polonnaruwa,Mid-range,4130,2507,876,200,130,410,1550,peak,4.1
Trincomalee,Mid-range,3803,505,1343,190,130,0,1400,peak,4.3
Galle,Mid-range,5046,2189,1609,160,100,450,1000,off-peak,4.6
Galle,Mid-range,4927,1485,1117,160,100,450,1000,off-peak,4.1
Nuwara Eliya,Budget,3617,1016,380,170,110,380,1300,peak,4.6
Sigiriya,Budget,2888,731,477,200,150,0,1500,peak,3.5
Nuwara Eliya,5-star,14013,929,3141,170,110,380,1300,peak,4.7
Ella,Mid-range,8428,2280,1555,150,100,400,1200,off-peak,4.4
Anuradhapura,Budget,2000,2951,792,210,140,420,1600,off-peak,3.6
Anuradhapura,Mid-range,3184,1044,872,210,140,420,1600,off-peak,4.7
Ella,5-star,10049,2213,4884,150,100,400,1200,peak,4.8
Ella,Budget,2024,2000,661,150,100,400,1200,off-peak,4.8
Polonnaruwa,5-star,9084,2714,2358,200,130,410,1550,peak,3.2
Colombo,5-star,16392,2869,5565,100,60,0,800,peak,4.1
Ella,5-star,11440,768,5768,150,100,400,1200,off-peak,4.1
Galle,Mid-range,7015,526,1370,160,100,450,1000,off-peak,4.4
Polonnaruwa,Mid-range,5720,1280,1025,200,130,410,1550,off-peak,3.9
Ella,Budget,3447,1578,621,150,100,400,1200,off-peak,3.4
Anuradhapura,Budget,1829,2998,517,210,140,420,1600,peak,3.5
Trincomalee,Mid-range,6758,2640,1775,190,130,0,1400,off-peak,4.1
Nuwara Eliya,Budget,2423,570,626,170,110,380,1300,off-peak,3.5
Polonnaruwa,Budget,2723,569,700,200,130,410,1550,peak,3.2
Mirissa,Mid-range,7547,1874,850,180,120,500,1100,off-peak,3.6
Kandy,Budget,3543,2802,662,120,80,350,900,peak,3.7
Ella,Budget,4378,2247,459,150,100,400,1200,peak,4.3
Galle,Mid-range,8202,890,1946,160,100,450,1000,off-peak,3.6
Galle,Mid-range,8343,2719,871,160,100,450,1000,peak,3.4
Galle,5-star,18693,2251,3582,160,100,450,1000,peak,3.7
Galle,5-star,14102,517,5197,160,100,450,1000,off-peak,4.1
Polonnaruwa,Mid-range,4370,1621,1883,200,130,410,1550,off-peak,3.8
Polonnaruwa,5-star,7354,577,2913,200,130,410,1550,off-peak,3.2
Ella,Budget,3246,2028,533,150,100,400,1200,off-peak,3.1
Polonnaruwa,5-star,10960,1664,4604,200,130,410,1550,peak,4.3
Polonnaruwa,Budget,1673,1878,778,200,130,410,1550,peak,3.6
Nuwara Eliya,Mid-range,7318,1283,1217,170,110,380,1300,off-peak,3.7
Colombo,5-star,26102,2244,4800,100,60,0,800,off-peak,4.5
Colombo,Mid-range,7080,2839,1099,100,60,0,800,peak,3.4
Polonnaruwa,5-star,8425,2739,2335,200,130,410,1550,off-peak,4.5
Mirissa,5-star,13435,2254,2594,180,120,500,1100,off-peak,3.2
Ella,5-star,12767,1532,3178,150,100,400,1200,peak,4.9
Galle,Budget,2707,2189,603,160,100,450,1000,peak,5.0
Galle,Budget,3252,1534,544,160,100,450,1000,off-peak,3.4
Trincomalee,5-star,8175,1751,5970,190,130,0,1400,peak,4.8
Trincomalee,Mid-range,4554,1960,1016,190,130,0,1400,peak,4.9
Mirissa,5-star,8971,2162,4973,180,120,500,1100,peak,3.3
Nuwara Eliya,Budget,2054,644,594,170,110,380,1300,off-peak,4.5
Anuradhapura,Budget,2296,945,442,210,140,420,1600,peak,5.0
Colombo,5-star,17490,1162,4214,100,60,0,800,off-peak,5.0
Polonnaruwa,Mid-range,5958,1074,1744,200,130,410,1550,peak,3.5
Mirissa,Budget,2541,1576,488,180,120,500,1100,peak,3.2
Sigiriya,Budget,4428,2030,386,200,150,0,1500,off-peak,3.0
Sigiriya,5-star,11472,505,2968,200,150,0,1500,peak,3.1
Colombo,Budget,5112,1399,327,100,60,0,800,peak,4.6
Sigiriya,5-star,11107,934,5184,200,150,0,1500,off-peak,4.5
Polonnaruwa,5-star,10792,2929,5458,200,130,410,1550,peak,4.3
Polonnaruwa,Mid-range,4141,888,1729,200,130,410,1550,peak,3.3
Trincomalee,Budget,2326,2553,682,190,130,0,1400,peak,3.3
Anuradhapura,Mid-range,5364,2086,1568,210,140,420,1600,off-peak,3.5
Colombo,Mid-range,8617,1298,1905,100,60,0,800,off-peak,3.0
Anuradhapura,Mid-range,5395,2233,1575,210,140,420,1600,off-peak,4.4
Colombo,Budget,5605,600,435,100,60,0,800,peak,4.6
Anuradhapura,Mid-range,4578,771,1060,210,140,420,1600,peak,3.3
Galle,Mid-range,6321,2703,1605,160,100,450,1000,peak,3.1
Sigiriya,Budget,4186,2077,441,200,150,0,1500,off-peak,3.7
Kandy,Budget,3845,2794,760,120,80,350,900,peak,3.6
Galle,Mid-range,6407,753,1782,160,100,450,1000,off-peak,4.4
Trincomalee,Budget,3176,2715,753,190,130,0,1400,peak,3.1
Ella,Budget,3456,2793,733,150,100,400,1200,off-peak,3.2
Mirissa,Mid-range,4457,891,1918,180,120,500,1100,off-peak,4.0
Kandy,Mid-range,8250,2956,958,120,80,350,900,off-peak,4.9
Kandy,5-star,15659,2810,3225,120,80,350,900,peak,3.4
Trincomalee,5-star,11483,2971,2744,190,130,0,1400,off-peak,3.4
Kandy,5-star,24961,2618,4280,120,80,350,900,peak,4.1
Colombo,Mid-range,10693,929,1174,100,60,0,800,off-peak,4.8
Ella,Budget,2486,2367,388,150,100,400,1200,off-peak,4.7
Colombo,Mid-range,11968,1280,816,100,60,0,800,off-peak,3.9
Ella,Mid-range,4960,2749,1457,150,100,400,1200,off-peak,3.3
Trincomalee,Budget,3186,1866,356,190,130,0,1400,off-peak,4.1
Trincomalee,Mid-range,5566,1491,1677,190,130,0,1400,off-peak,3.5
Sigiriya,Budget,4890,961,385,200,150,0,1500,off-peak,3.1
Galle,Budget,3472,2854,690,160,100,450,1000,peak,3.4
Ella,5-star,15126,2863,2719,150,100,400,1200,off-peak,3.3
Colombo,5-star,13036,2847,4508,100,60,0,800,off-peak,3.5
Polonnaruwa,Mid-range,4321,682,1460,200,130,410,1550,off-peak,3.2
Polonnaruwa,Budget,2047,2738,783,200,130,410,1550,off-peak,3.6
Ella,Budget,3111,2384,756,150,100,400,1200,off-peak,3.2
Trincomalee,5-star,11735,2478,5415,190,130,0,1400,peak,4.6
Trincomalee,Budget,3260,687,707,190,130,0,1400,off-peak,3.9
Trincomalee,Mid-range,6853,2453,1798,190,130,0,1400,peak,5.0
Mirissa,5-star,8960,1679,3597,180,120,500,1100,peak,3.5
Anuradhapura,5-star,11083,2601,5717,210,140,420,1600,peak,4.2
Sigiriya,Mid-range,7974,2949,1701,200,150,0,1500,off-peak,4.0
Sigiriya,5-star,19316,962,4770,200,150,0,1500,peak,4.6
Sigiriya,Mid-range,9989,2582,1489,200,150,0,1500,off-peak,4.1
Trincomalee,Mid-range,4724,2572,1884,190,130,0,1400,off-peak,3.2
Nuwara Eliya,Mid-range,4252,2554,1849,170,110,380,1300,off-peak,4.7
Colombo,Mid-range,8408,1740,1197,100,60,0,800,off-peak,4.3
Mirissa,5-star,10670,2677,2624,180,120,500,1100,peak,3.5
Sigiriya,Budget,4337,1149,508,200,150,0,1500,off-peak,3.2
Colombo,Mid-range,9815,1284,1253,100,60,0,800,peak,4.4
Anuradhapura,5-star,11108,2176,4588,210,140,420,1600,off-peak,4.3
Anuradhapura,Budget,2523,1833,506,210,140,420,1600,off-peak,4.7
Colombo,5-star,14563,2358,3294,100,60,0,800,off-peak,3.6
Trincomalee,Budget,3283,1939,710,190,130,0,1400,off-peak,4.6
Mirissa,Budget,3810,1873,387,180,120,500,1100,peak,4.8
Mirissa,5-star,17461,767,3449,180,120,500,1100,off-peak,4.6
Polonnaruwa,5-star,6602,623,5054,200,130,410,1550,peak,4.4
Nuwara Eliya,5-star,11535,1931,2594,170,110,380,1300,peak,3.6
Colombo,5-star,14825,1046,5715,100,60,0,800,peak,4.9
Sigiriya,5-star,21385,2459,5201,200,150,0,1500,off-peak,3.4
Polonnaruwa,5-star,6308,2365,5866,200,130,410,1550,off-peak,4.1
Galle,Budget,2575,2943,616,160,100,450,1000,off-peak,3.3
Polonnaruwa,Budget,2775,2700,696,200,130,410,1550,peak,4.3
Galle,Mid-range,6457,2700,1379,160,100,450,1000,peak,3.2
Galle,Budget,4473,2797,341,160,100,450,1000,peak,4.0
Anuradhapura,5-star,8696,1117,4307,210,140,420,1600,peak,3.5
Kandy,5-star,20622,2847,2730,120,80,350,900,peak,4.3
Ella,5-star,14366,2954,2911,150,100,400,1200,off-peak,3.9
Sigiriya,Budget,4431,2135,466,200,150,0,1500,peak,4.3
Ella,Mid-range,7453,897,965,150,100,400,1200,peak,4.0
Nuwara Eliya,5-star,8260,1740,4860,170,110,380,1300,off-peak,4.0
Mirissa,5-star,15004,2591,3853,180,120,500,1100,peak,3.6
Trincomalee,5-star,10111,530,3748,190,130,0,1400,peak,3.3
Kandy,Budget,3359,2927,721,120,80,350,900,off-peak,3.2
Ella,Budget,4232,757,790,150,100,400,1200,peak,3.8
Trincomalee,Mid-range,6400,1487,1584,190,130,0,1400,off-peak,3.1
Nuwara Eliya,Mid-range,5911,1700,1971,170,110,380,1300,peak,3.6
Polonnaruwa,5-star,10472,2787,3194,200,130,410,1550,peak,4.8
Nuwara Eliya,Mid-range,7415,1689,1938,170,110,380,1300,off-peak,3.2
Mirissa,5-star,13512,2856,2896,180,120,500,1100,off-peak,3.6
Mirissa,Mid-range,4405,766,1257,180,120,500,1100,peak,3.9
Colombo,5-star,29182,976,2853,100,60,0,800,off-peak,4.0
Polonnaruwa,5-star,6424,1088,2224,200,130,410,1550,peak,3.7
Galle,5-star,12770,2329,5836,160,100,450,1000,peak,3.9
Mirissa,Mid-range,6146,1669,1350,180,120,500,1100,off-peak,3.6
Polonnaruwa,Mid-range,3361,2152,1987,200,130,410,1550,off-peak,3.7
Galle,Budget,2401,1201,405,160,100,450,1000,peak,3.9
Colombo,5-star,25396,2900,2752,100,60,0,800,peak,5.0
Sigiriya,Mid-range,7112,1717,1645,200,150,0,1500,off-peak,4.4
Ella,Budget,3777,986,406,150,100,400,1200,peak,4.9
Ella,5-star,16714,1199,4402,150,100,400,1200,peak,4.5
Nuwara Eliya,Budget,3129,2246,679,170,110,380,1300,off-peak,4.8
Nuwara Eliya,5-star,14693,2459,4099,170,110,380,1300,off-peak,4.1
Mirissa,5-star,16886,810,4717,180,120,500,1100,off-peak,3.2
Kandy,Budget,3862,908,557,120,80,350,900,off-peak,3.2
Polonnaruwa,Mid-range,4833,2831,1084,200,130,410,1550,off-peak,3.6
Colombo,Budget,4313,2855,555,100,60,0,800,off-peak,4.5
Ella,Mid-range,6442,1482,823,150,100,400,1200,off-peak,4.0
Sigiriya,Mid-range,10513,1185,1873,200,150,0,1500,peak,3.2
Colombo,5-star,24222,2645,5905,100,60,0,800,off-peak,5.0
Anuradhapura,Budget,1606,1997,735,210,140,420,1600,peak,4.5
Sigiriya,Budget,4713,1453,598,200,150,0,1500,off-peak,3.3
Trincomalee,Mid-range,6159,2738,1095,190,130,0,1400,off-peak,3.1
Mirissa,Budget,2247,2441,737,180,120,500,1100,peak,3.9
Nuwara Eliya,Budget,2066,2234,409,170,110,380,1300,peak,3.5
Trincomalee,Mid-range,3880,814,1379,190,130,0,1400,off-peak,4.9
Galle,5-star,12044,2571,3758,160,100,450,1000,off-peak,3.5
Anuradhapura,5-star,9673,2753,5051,210,140,420,1600,peak,4.4
Colombo,5-star,25027,910,5506,100,60,0,800,off-peak,3.3
Sigiriya,5-star,20660,1945,2600,200,150,0,1500,off-peak,4.0
Polonnaruwa,Budget,2376,1916,496,200,130,410,1550,peak,3.7
Kandy,5-star,11440,591,3824,120,80,350,900,off-peak,3.7
Mirissa,5-star,17411,2649,3216,180,120,500,1100,off-peak,4.2
Anuradhapura,Mid-range,5960,1302,841,210,140,420,1600,peak,3.2
Trincomalee,5-star,12514,2419,3338,190,130,0,1400,off-peak,3.1
Mirissa,5-star,12909,2206,5564,180,120,500,1100,off-peak,4.8
Anuradhapura,5-star,8019,2275,3294,210,140,420,1600,off-peak,3.7
Ella,5-star,13023,1747,5806,150,100,400,1200,off-peak,4.3
Kandy,Mid-range,6834,2002,1953,120,80,350,900,peak,3.8
Mirissa,Budget,3126,1661,783,180,120,500,1100,peak,4.4
Polonnaruwa,Budget,2181,651,497,200,130,410,1550,off-peak,4.7
Ella,Mid-range,7332,1874,1836,150,100,400,1200,peak,3.3
Trincomalee,Mid-range,4244,2202,1404,190,130,0,1400,off-peak,4.3
Anuradhapura,Budget,2998,1516,631,210,140,420,1600,off-peak,3.1
Ella,Mid-range,6993,1271,1382,150,100,400,1200,peak,4.7
Galle,Budget,3607,519,399,160,100,450,1000,peak,4.1
Nuwara Eliya,Budget,3286,1028,547,170,110,380,1300,off-peak,3.1
Galle,Budget,3567,1330,619,160,100,450,1000,off-peak,3.1
Galle,Budget,2375,1889,534,160,100,450,1000,off-peak,4.5
Sigiriya,Budget,3300,629,397,200,150,0,1500,off-peak,3.7
Kandy,5-star,24099,1510,5534,120,80,350,900,peak,4.5
Sigiriya,Mid-range,8324,569,1934,200,150,0,1500,peak,4.3
Trincomalee,5-star,7666,2421,2436,190,130,0,1400,off-peak,3.5
Trincomalee,Budget,3267,2094,568,190,130,0,1400,off-peak,3.6
Nuwara Eliya,Mid-range,4852,593,1002,170,110,380,1300,off-peak,4.7
Trincomalee,Mid-range,4365,997,1023,190,130,0,1400,peak,3.9
Polonnaruwa,5-star,8911,1457,3600,200,130,410,1550,off-peak,4.1
Ella,Budget,2151,1144,521,150,100,400,1200,off-peak,4.7
Anuradhapura,Mid-range,4728,2701,1451,210,140,420,1600,peak,4.1
Anuradhapura,Budget,2578,735,636,210,140,420,1600,peak,4.8
Sigiriya,5-star,19510,1804,3045,200,150,0,1500,peak,4.0
Polonnaruwa,Budget,2521,2356,787,200,130,410,1550,off-peak,4.5
Ella,Budget,2955,701,752,150,100,400,1200,peak,3.4
Mirissa,Mid-range,5479,2427,1533,180,120,500,1100,peak,4.2
Trincomalee,Mid-range,6236,991,1936,190,130,0,1400,off-peak,4.4
Kandy,5-star,15170,2401,2967,120,80,350,900,off-peak,3.5
Sigiriya,5-star,24480,2327,5696,200,150,0,1500,peak,4.3
Colombo,5-star,28653,2383,5228,100,60,0,800,peak,4.0
Ella,5-star,17792,903,2018,150,100,400,1200,peak,4.1
Ella,Budget,3557,1246,618,150,100,400,1200,off-peak,4.2
Kandy,5-star,18818,1296,2383,120,80,350,900,peak,4.8
Mirissa,5-star,16835,2942,5270,180,120,500,1100,off-peak,4.9
Anuradhapura,Mid-range,5958,844,1559,210,140,420,1600,peak,4.5
Polonnaruwa,5-star,10589,1021,3971,200,130,410,1550,peak,3.4
Galle,5-star,15403,1390,2190,160,100,450,1000,off-peak,4.9
Colombo,5-star,21060,2688,3106,100,60,0,800,off-peak,5.0
Nuwara Eliya,Budget,3558,614,383,170,110,380,1300,peak,3.3
Anuradhapura,Budget,1661,1973,483,210,140,420,1600,off-peak,4.1
Galle,Budget,2337,798,401,160,100,450,1000,peak,4.2
Mirissa,Mid-range,4372,822,1003,180,120,500,1100,off-peak,3.9
Nuwara Eliya,Budget,2232,784,549,170,110,380,1300,peak,4.1
Sigiriya,5-star,18563,2145,4352,200,150,0,1500,off-peak,4.0
Sigiriya,Budget,2868,589,629,200,150,0,1500,peak,3.5
Mirissa,Budget,3446,690,438,180,120,500,1100,off-peak,4.1
Sigiriya,5-star,26609,1618,4650,200,150,0,1500,peak,4.0
Kandy,Mid-range,9386,1339,911,120,80,350,900,off-peak,4.3
Sigiriya,Mid-range,7042,2037,913,200,150,0,1500,off-peak,3.0
Colombo,Mid-range,9464,1645,1860,100,60,0,800,peak,4.7
Colombo,5-star,24315,1245,4649,100,60,0,800,off-peak,3.5
Polonnaruwa,Mid-range,4744,519,905,200,130,410,1550,peak,3.8
Colombo,Mid-range,8614,2203,1071,100,60,0,800,off-peak,3.2
Ella,Budget,3814,1786,564,150,100,400,1200,off-peak,4.9
Ella,5-star,10147,2851,3409,150,100,400,1200,peak,3.0
Colombo,5-star,26522,2507,2949,100,60,0,800,peak,3.7
Nuwara Eliya,5-star,8955,660,2186,170,110,380,1300,off-peak,4.7
Mirissa,Mid-range,6509,2039,1004,180,120,500,1100,peak,3.2
Mirissa,5-star,9620,2146,3681,180,120,500,1100,off-peak,4.9
Sigiriya,Budget,2692,1552,350,200,150,0,1500,peak,3.7
Kandy,Mid-range,7613,991,1572,120,80,350,900,off-peak,4.9
Kandy,Budget,2728,2535,535,120,80,350,900,off-peak,4.1
Ella,5-star,17647,2317,3072,150,100,400,1200,off-peak,3.2
Ella,Mid-range,7044,1923,1345,150,100,400,1200,off-peak,3.6
Sigiriya,5-star,20388,2420,2745,200,150,0,1500,peak,4.5
Sigiriya,Budget,4971,1918,326,200,150,0,1500,off-peak,4.4
Ella,Budget,4363,2647,777,150,100,400,1200,peak,3.0
Polonnaruwa,5-star,11088,1480,2436,200,130,410,1550,peak,4.9
Sigiriya,Budget,3927,2471,713,200,150,0,1500,off-peak,3.0
Ella,Budget,2272,625,429,150,100,400,1200,off-peak,3.6
Trincomalee,Mid-range,4137,959,1051,190,130,0,1400,off-peak,3.3
Ella,Mid-range,7064,2485,1674,150,100,400,1200,peak,4.6
Ella,Budget,3946,2882,574,150,100,400,1200,peak,4.9
Mirissa,Mid-range,7360,1698,1901,180,120,500,1100,off-peak,3.9
Nuwara Eliya,5-star,14254,2287,2226,170,110,380,1300,peak,3.1
Anuradhapura,Mid-range,3978,939,1357,210,140,420,1600,peak,4.2
Ella,5-star,11151,1683,3443,150,100,400,1200,peak,3.7
Trincomalee,Mid-range,4491,2703,806,190,130,0,1400,peak,3.6
Polonnaruwa,Budget,2909,2843,724,200,130,410,1550,off-peak,3.9
Galle,Budget,2808,2242,443,160,100,450,1000,peak,3.5
Trincomalee,Budget,2241,1095,740,190,130,0,1400,peak,3.4
Mirissa,Mid-range,7429,2451,1003,180,120,500,1100,off-peak,4.8
Anuradhapura,Mid-range,3130,838,1527,210,140,420,1600,off-peak,4.6
Anuradhapura,Mid-range,3107,2496,837,210,140,420,1600,off-peak,4.0
Trincomalee,Budget,2076,572,349,190,130,0,1400,peak,3.4
Kandy,Budget,4814,2541,334,120,80,350,900,peak,4.6
Sigiriya,Mid-range,6930,2737,1750,200,150,0,1500,peak,4.9
Anuradhapura,Budget,2718,2055,435,210,140,420,1600,peak,3.9
Kandy,Mid-range,6713,1126,1033,120,80,350,900,off-peak,4.7
Ella,Budget,4293,1058,769,150,100,400,1200,off-peak,4.6
Anuradhapura,5-star,11387,1915,5996,210,140,420,1600,off-peak,5.0
Galle,Mid-range,7647,1249,944,160,100,450,1000,peak,4.8
Kandy,5-star,11603,1223,4016,120,80,350,900,peak,4.4
Anuradhapura,Mid-range,5995,2268,1123,210,140,420,1600,peak,4.2
Galle,5-star,11502,974,4670,160,100,450,1000,peak,4.5
Galle,Mid-range,5164,1586,1327,160,100,450,1000,off-peak,3.7
Anuradhapura,Mid-range,4869,2678,1036,210,140,420,1600,peak,3.6
Ella,Mid-range,6435,1879,806,150,100,400,1200,off-peak,5.0
Nuwara Eliya,Mid-range,6726,708,1440,170,110,380,1300,off-peak,3.2
Polonnaruwa,5-star,10400,1765,3519,200,130,410,1550,off-peak,3.8
Trincomalee,Budget,3332,1032,503,190,130,0,1400,off-peak,3.5
Kandy,Budget,2886,2072,403,120,80,350,900,off-peak,4.6
Sigiriya,5-star,20370,1230,4755,200,150,0,1500,peak,4.3
Polonnaruwa,Budget,1990,694,453,200,130,410,1550,peak,3.4
Anuradhapura,Mid-range,3547,1608,1233,210,140,420,1600,peak,4.9
Colombo,Budget,5895,1881,500,100,60,0,800,peak,4.5
Kandy,Budget,2963,2739,702,120,80,350,900,off-peak,4.3
Mirissa,Budget,2705,2920,737,180,120,500,1100,peak,5.0
Nuwara Eliya,Mid-range,6933,2241,922,170,110,380,1300,peak,4.4
Sigiriya,Mid-range,9091,1309,1327,200,150,0,1500,off-peak,4.3
Galle,Mid-range,4541,692,1963,160,100,450,1000,off-peak,3.4
Sigiriya,Budget,3858,1380,516,200,150,0,1500,peak,3.6
Kandy,Mid-range,7461,1926,974,120,80,350,900,peak,4.7
Trincomalee,Mid-range,5063,675,1632,190,130,0,1400,peak,3.3
Ella,Budget,2570,1522,430,150,100,400,1200,off-peak,4.5
Polonnaruwa,Budget,1528,1315,583,200,130,410,1550,off-peak,4.0
Colombo,Budget,4213,706,476,100,60,0,800,off-peak,3.9
Kandy,Budget,4383,1660,658,120,80,350,900,peak,4.5
Anuradhapura,Mid-range,3395,1654,1122,210,140,420,1600,peak,3.9
Mirissa,Mid-range,6130,1453,1470,180,120,500,1100,off-peak,3.4
Colombo,Mid-range,10191,2851,1241,100,60,0,800,off-peak,3.3
Kandy,Budget,3312,2012,757,120,80,350,900,off-peak,3.7
Colombo,5-star,23076,2848,5041,100,60,0,800,off-peak,4.1
Sigiriya,5-star,18263,2167,3450,200,150,0,1500,peak,3.9
Polonnaruwa,Budget,1806,1802,385,200,130,410,1550,off-peak,3.4
Nuwara Eliya,Mid-range,4799,781,1390,170,110,380,1300,off-peak,3.2
Trincomalee,Mid-range,4602,1181,1596,190,130,0,1400,peak,3.9
Galle,Budget,3763,2584,378,160,100,450,1000,off-peak,3.5
Ella,Budget,3020,2219,514,150,100,400,1200,peak,3.9
Anuradhapura,Budget,1851,2368,495,210,140,420,1600,off-peak,3.3
Colombo,Budget,3660,2966,783,100,60,0,800,peak,3.4
Galle,Budget,2702,1783,774,160,100,450,1000,peak,3.9
Kandy,Mid-range,9952,1540,1326,120,80,350,900,off-peak,4.2
Trincomalee,5-star,11069,1761,3165,190,130,0,1400,peak,3.3
Mirissa,Budget,2938,2031,691,180,120,500,1100,off-peak,4.5
Polonnaruwa,Mid-range,3116,628,1262,200,130,410,1550,peak,3.9
Colombo,5-star,14706,1889,3654,100,60,0,800,peak,3.4
Sigiriya,Budget,3521,2896,489,200,150,0,1500,off-peak,4.7
Nuwara Eliya,5-star,11041,2767,5340,170,110,380,1300,peak,3.4
Sigiriya,5-star,24358,2439,3132,200,150,0,1500,off-peak,4.1
Ella,5-star,9950,2366,3534,150,100,400,1200,off-peak,4.5
Nuwara Eliya,Budget,3437,2342,664,170,110,380,1300,off-peak,3.8
Galle,Mid-range,5256,1792,1464,160,100,450,1000,off-peak,3.1
Sigiriya,5-star,19164,1183,3608,200,150,0,1500,off-peak,3.3
Nuwara Eliya,5-star,10731,2291,5759,170,110,380,1300,off-peak,3.7
Polonnaruwa,Budget,2191,1391,386,200,130,410,1550,off-peak,4.7
Colombo,5-star,18060,1861,3906,100,60,0,800,peak,3.8
Polonnaruwa,Mid-range,5020,1755,1129,200,130,410,1550,peak,4.4
Colombo,Budget,3531,2096,348,100,60,0,800,peak,3.7
Ella,Mid-range,8673,2268,1234,150,100,400,1200,off-peak,4.9
Trincomalee,Budget,3426,1421,386,190,130,0,1400,peak,4.0
Polonnaruwa,Mid-range,5714,2221,1832,200,130,410,1550,off-peak,4.2
Ella,5-star,12417,2725,2953,150,100,400,1200,peak,4.9
Ella,5-star,18321,1528,4377,150,100,400,1200,peak,3.5
Anuradhapura,Budget,1665,2725,634,210,140,420,1600,off-peak,5.0
Kandy,Mid-range,5698,2023,1570,120,80,350,900,peak,4.3
Trincomalee,Budget,3301,608,562,190,130,0,1400,peak,3.0
Colombo,Mid-range,6548,1714,1503,100,60,0,800,peak,4.0
Sigiriya,5-star,15933,1837,5210,200,150,0,1500,peak,4.0
Colombo,Mid-range,9491,1238,1231,100,60,0,800,off-peak,3.7
Galle,5-star,14147,2418,2371,160,100,450,1000,off-peak,3.7
Trincomalee,Budget,3163,1689,338,190,130,0,1400,peak,4.8
Nuwara Eliya,5-star,9719,1639,5247,170,110,380,1300,peak,4.3
Galle,Mid-range,7209,2575,1603,160,100,450,1000,peak,4.3
Anuradhapura,Mid-range,3364,938,1720,210,140,420,1600,peak,3.1
Kandy,Budget,4283,1686,379,120,80,350,900,peak,4.6
Sigiriya,Mid-range,5213,1143,1552,200,150,0,1500,off-peak,3.6
Anuradhapura,5-star,10662,710,3977,210,140,420,1600,off-peak,4.5
Colombo,Budget,5768,1898,497,100,60,0,800,peak,4.3
Anuradhapura,Mid-range,5509,1244,1835,210,140,420,1600,peak,4.2
Sigiriya,Budget,4833,779,372,200,150,0,1500,off-peak,4.1
Anuradhapura,Budget,2900,2494,744,210,140,420,1600,off-peak,3.8
Nuwara Eliya,Budget,3836,2669,730,170,110,380,1300,peak,4.7
Colombo,5-star,24039,1339,4147,100,60,0,800,peak,4.2
Nuwara Eliya,5-star,11148,1459,5370,170,110,380,1300,peak,4.7
Ella,Mid-range,5597,2765,1302,150,100,400,1200,peak,3.1
Kandy,Mid-range,8674,653,1227,120,80,350,900,peak,4.4
Polonnaruwa,Budget,2695,2020,581,200,130,410,1550,peak,3.9
Trincomalee,Budget,2676,1250,766,190,130,0,1400,peak,3.0
Ella,Budget,2437,1354,748,150,100,400,1200,off-peak,5.0
Kandy,Budget,4335,781,486,120,80,350,900,peak,4.0
Galle,5-star,13875,2056,4581,160,100,450,1000,peak,4.4
Sigiriya,5-star,26916,1455,3492,200,150,0,1500,off-peak,5.0
Galle,Mid-range,8638,2814,869,160,100,450,1000,off-peak,3.8
Polonnaruwa,5-star,6533,1976,3181,200,130,410,1550,peak,4.2
Trincomalee,Budget,2071,1302,413,190,130,0,1400,off-peak,4.5
Galle,5-star,12761,2612,4181,160,100,450,1000,off-peak,4.7
Anuradhapura,5-star,6930,2788,5406,210,140,420,1600,peak,4.7
Ella,5-star,18447,1057,2557,150,100,400,1200,off-peak,4.4
Galle,Mid-range,7798,1986,1069,160,100,450,1000,off-peak,4.8
Nuwara Eliya,5-star,11376,2113,5661,170,110,380,1300,peak,4.2
Kandy,Budget,3598,967,346,120,80,350,900,peak,4.9
Mirissa,5-star,15206,2335,5157,180,120,500,1100,peak,4.8
Galle,5-star,16660,2258,3826,160,100,450,1000,peak,3.2
Colombo,Mid-range,6812,1970,1964,100,60,0,800,peak,4.1
